code,system
7K1JE00,readv2
7K1JF00,readv2
7K1JG00,readv2
7K1J900,readv2
7K1D000,readv2
7K1JD00,readv2
7K1J700,readv2
7K1D700,readv2
7K1H700,readv2
7K1J000,readv2
7K1J600,readv2
S4E2.00,readv2
7K1H600,readv2
7K1JB00,readv2
S4E0.00,readv2
S4E1.00,readv2
7K1D600,readv2
7K1JC00,readv2
7K1J500,readv2
7K1H800,readv2
S301311,readv2
S300900,readv2
S301y11,readv2
S300311,readv2
S300700,readv2
S300800,readv2
S300y11,readv2
S300600,readv2
S301600,readv2
SC03.00,readv2
S301900,readv2
S30y.00,readv2
S301800,readv2
S300400,readv2
S300200,readv2
S30z.00,readv2
S301400,readv2
S30..00,readv2
S300300,readv2
S301700,readv2
S72.0,readv2
7P20100,readv2
S4E..00,readv2
S30y.11,readv2
7K1D014,readv2
7K1D013,readv2
7K1D016,readv2
7K1D012,readv2
7K1DE00,readv2
7K1L400,readv2
7K1D011,readv2
7K1D019,readv2
7K1D018,readv2
7K1D01D,readv2
7K1D017,readv2
7K1D015,readv2
7K1D01B,readv2
W19.1,readv2
S302z00,readv2
S302200,readv2
S303z00,readv2
S305.00,readv2
S304.00,readv2
S303300,readv2
S302011,readv2
S303200,readv2
S302400,readv2
S303011,readv2
S302000,readv2
S302012,readv2
S303000,readv2
S303.00,readv2
S303400,readv2
S302.00,readv2
S303100,readv2
S302300,readv2
S302100,readv2
S72.1,readv2
S72.2,readv2
S301500,readv2
S30x.00,readv2
S301000,readv2
S30w.00,readv2
S300500,readv2
S300000,readv2
S300.00,readv2
S301.00,readv2
S300z00,readv2
7K1D01A,readv2
7K1J013,readv2
14G7.00,readv2
S30..11,readv2
34351.0,readv2
38489.0,readv2
34078.0,readv2
24587.0,readv2
73981.0,readv2
39984.0,readv2
73234.0,readv2
5301.0,readv2
67394.0,readv2
96644.0,readv2
60885.0,readv2
8243.0,readv2
28965.0,readv2
51216.0,readv2
38878.0,readv2
38054.0,readv2
52194.0,readv2
68668.0,readv2
51861.0,readv2
73210.0,readv2
36599.0,readv2
45779.0,readv2
51999.0,readv2
58642.0,readv2
61733.0,readv2
8648.0,readv2
101567.0,readv2
67633.0,readv2
33957.0,readv2
45141.0,readv2
17019.0,readv2
68229.0,readv2
89434.0,readv2
24276.0,readv2
29145.0,readv2
18273.0,readv2
23803.0,readv2
96518.0,readv2
50727.0,readv2
62966.0,readv2
36391.0,readv2
71282.0,readv2
44735.0,readv2
39396.0,readv2
97971.0,readv2
58720.0,readv2
72138.0,readv2
49209.0,readv2
40267.0,readv2
2225.0,readv2
69919.0,readv2
70479.0,readv2
19387.0,readv2
48337.0,readv2
19117.0,readv2
93374.0,readv2
1994.0,readv2
65690.0,readv2
10570.0,readv2
100771.0,readv2
7K1J800,readv2
7K1JA00,readv2
7K1K500,readv2
7K1K300,readv2
S301100,readv2
S300100,readv2
7K1J011,readv2
7K1J012,readv2
7K1Y000,readv2
7K1Jd00,readv2
O17.1,readv2
W24.1,readv2
7K1D01F,readv2
7K1D01E,readv2
7K1K400,readv2
7K1H500,readv2
S301A00,readv2
S300A00,readv2
S300y00,readv2
S301y00,readv2
38856.0,readv2
6660.0,readv2
34764.0,readv2
28464.0,readv2
65536.0,readv2
54819.0,readv2
67028.0,readv2
46258.0,readv2
105352.0,readv2
33624.0,readv2
107932.0,readv2
97337.0,readv2
58817.0,readv2
63554.0,readv2
12544.0,readv2
9792.0,readv2
55386.0,readv2
57514.0,readv2
70018.0,readv2
40999.0,readv2
63189.0,readv2
5742.0,readv2
94714.0,readv2
43403.0,readv2
53670.0,readv2
107358.0,readv2
50450.0,readv2
52395.0,readv2
35004.0,readv2
102313.0,readv2
46959.0,readv2
34846.0,readv2
69857.0,readv2
56568.0,readv2
105803.0,readv2
24493.0,readv2
44594.0,readv2
37998.0,readv2
48973.0,readv2
57889.0,readv2
39322.0,readv2
57884.0,readv2
8719.0,readv2
102104.0,readv2
17936.0,readv2
47917.0,readv2